Name,Phone,Address,Yelp_URL
"La Grande Boucherie","+12125107714","145 W 53rd St, New York, NY 10019","https://www.yelp.com/biz/la-grande-boucherie-new-york-2?adjust_creative=UXC-7DhMRmbl5j3r-4UbkA&utm_campaign=yelp_api_v3&utm_medium=api_v3_business_search&utm_source=UXC-7DhMRmbl5j3r-4UbkA"
"Olio e Più","+12122436546","3 Greenwich Ave, New York, NY 10014","https://www.yelp.com/biz/olio-e-pi%C3%B9-new-york-7?adjust_creative=UXC-7DhMRmbl5j3r-4UbkA&utm_campaign=yelp_api_v3&utm_medium=api_v3_business_search&utm_source=UXC-7DhMRmbl5j3r-4UbkA"
"Bourbon and Branch","+19294194951","155 W 33rd St, New York, NY 10001","https://www.yelp.com/biz/bourbon-and-branch-new-york-city?adjust_creative=UXC-7DhMRmbl5j3r-4UbkA&utm_campaign=yelp_api_v3&utm_medium=api_v3_business_search&utm_source=UXC-7DhMRmbl5j3r-4UbkA"
"Gulp","+19297898644","42-45 27th St, Long Island City, NY 11101","https://www.yelp.com/biz/gulp-long-island-city-2?adjust_creative=UXC-7DhMRmbl5j3r-4UbkA&utm_campaign=yelp_api_v3&utm_medium=api_v3_business_search&utm_source=UXC-7DhMRmbl5j3r-4UbkA"
"Her Name Is Han","+12127799990","17 E 31st St, New York, NY 10016","https://www.yelp.com/biz/her-name-is-han-new-york-3?adjust_creative=UXC-7DhMRmbl5j3r-4UbkA&utm_campaign=yelp_api_v3&utm_medium=api_v3_business_search&utm_source=UXC-7DhMRmbl5j3r-4UbkA"
"Soothr","+12128449789","204 E 13th St, New York, NY 10003","https://www.yelp.com/biz/soothr-new-york-2?adjust_creative=UXC-7DhMRmbl5j3r-4UbkA&utm_campaign=yelp_api_v3&utm_medium=api_v3_business_search&utm_source=UXC-7DhMRmbl5j3r-4UbkA"
"Raku","+12122281324","342 E 6th St, New York, NY 10003","https://www.yelp.com/biz/raku-new-york-7?adjust_creative=UXC-7DhMRmbl5j3r-4UbkA&utm_campaign=yelp_api_v3&utm_medium=api_v3_business_search&utm_source=UXC-7DhMRmbl5j3r-4UbkA"
"Blue Willow 夜来湘","+12122132299","40 W 56th St, New York, NY 10019","https://www.yelp.com/biz/blue-willow-%E5%A4%9C%E6%9D%A5%E6%B9%98-new-york-2?adjust_creative=UXC-7DhMRmbl5j3r-4UbkA&utm_campaign=yelp_api_v3&utm_medium=api_v3_business_search&utm_source=UXC-7DhMRmbl5j3r-4UbkA"
"Raku","+12129894797","48 Macdougal St, New York, NY 10012","https://www.yelp.com/biz/raku-new-york-6?adjust_creative=UXC-7DhMRmbl5j3r-4UbkA&utm_campaign=yelp_api_v3&utm_medium=api_v3_business_search&utm_source=UXC-7DhMRmbl5j3r-4UbkA"
"Cafe Mogador","+17184869222","133 Wythe Ave, Brooklyn, NY 11211","https://www.yelp.com/biz/cafe-mogador-brooklyn?adjust_creative=UXC-7DhMRmbl5j3r-4UbkA&utm_campaign=yelp_api_v3&utm_medium=api_v3_business_search&utm_source=UXC-7DhMRmbl5j3r-4UbkA"
"The Osprey","+13476962505","60 Furman St, Ground Floor, Brooklyn, NY 11201","https://www.yelp.com/biz/the-osprey-brooklyn?adjust_creative=UXC-7DhMRmbl5j3r-4UbkA&utm_campaign=yelp_api_v3&utm_medium=api_v3_business_search&utm_source=UXC-7DhMRmbl5j3r-4UbkA"
"Zou Zou’s","+12123808585","385 9th Ave, Ste 85, New York, NY 10001","https://www.yelp.com/biz/zou-zou-s-new-york-3?adjust_creative=UXC-7DhMRmbl5j3r-4UbkA&utm_campaign=yelp_api_v3&utm_medium=api_v3_business_search&utm_source=UXC-7DhMRmbl5j3r-4UbkA"
"Izakaya MEW","+16463689384","53 W 35th St, New York, NY 10001","https://www.yelp.com/biz/izakaya-mew-new-york-3?adjust_creative=UXC-7DhMRmbl5j3r-4UbkA&utm_campaign=yelp_api_v3&utm_medium=api_v3_business_search&utm_source=UXC-7DhMRmbl5j3r-4UbkA"
"Time Out Market New York","+19178104855","55 Water St, Brooklyn, NY 11201","https://www.yelp.com/biz/time-out-market-new-york-brooklyn?adjust_creative=UXC-7DhMRmbl5j3r-4UbkA&utm_campaign=yelp_api_v3&utm_medium=api_v3_business_search&utm_source=UXC-7DhMRmbl5j3r-4UbkA"
"Obao","+12122458880","647 9th Ave, New York, NY 10036","https://www.yelp.com/biz/obao-new-york-3?adjust_creative=UXC-7DhMRmbl5j3r-4UbkA&utm_campaign=yelp_api_v3&utm_medium=api_v3_business_search&utm_source=UXC-7DhMRmbl5j3r-4UbkA"
"Nubiani","+19176230807","315 5th Ave, Fl 3, New York, NY 10016","https://www.yelp.com/biz/nubiani-new-york?adjust_creative=UXC-7DhMRmbl5j3r-4UbkA&utm_campaign=yelp_api_v3&utm_medium=api_v3_business_search&utm_source=UXC-7DhMRmbl5j3r-4UbkA"
"Thai Villa","+12128029999","5 E 19th St, G Floor, New York, NY 10003","https://www.yelp.com/biz/thai-villa-new-york-2?adjust_creative=UXC-7DhMRmbl5j3r-4UbkA&utm_campaign=yelp_api_v3&utm_medium=api_v3_business_search&utm_source=UXC-7DhMRmbl5j3r-4UbkA"
"Mắm","Not available","70 Forsyth St, New York, NY 10002","https://www.yelp.com/biz/m%E1%BA%AFm-new-york-2?adjust_creative=UXC-7DhMRmbl5j3r-4UbkA&utm_campaign=yelp_api_v3&utm_medium=api_v3_business_search&utm_source=UXC-7DhMRmbl5j3r-4UbkA"
"Au Cheval","+16463502429","33 Cortlandt Aly, New York, NY 10013","https://www.yelp.com/biz/au-cheval-new-york-7?adjust_creative=UXC-7DhMRmbl5j3r-4UbkA&utm_campaign=yelp_api_v3&utm_medium=api_v3_business_search&utm_source=UXC-7DhMRmbl5j3r-4UbkA"
"Joe's Shanghai","+12122338888","46 Bowery St, New York, NY 10013","https://www.yelp.com/biz/joes-shanghai-new-york-2?adjust_creative=UXC-7DhMRmbl5j3r-4UbkA&utm_campaign=yelp_api_v3&utm_medium=api_v3_business_search&utm_source=UXC-7DhMRmbl5j3r-4UbkA"
"Red Onion","+16466091355","277 East 10th St, New York, NY 10009","https://www.yelp.com/biz/red-onion-new-york-2?adjust_creative=UXC-7DhMRmbl5j3r-4UbkA&utm_campaign=yelp_api_v3&utm_medium=api_v3_business_search&utm_source=UXC-7DhMRmbl5j3r-4UbkA"
"Golden Diner","+19174727800","123 Madison St, New York, NY 10002","https://www.yelp.com/biz/golden-diner-new-york-2?adjust_creative=UXC-7DhMRmbl5j3r-4UbkA&utm_campaign=yelp_api_v3&utm_medium=api_v3_business_search&utm_source=UXC-7DhMRmbl5j3r-4UbkA"
"Kisa","+16468668622","205 Allen St, New York, NY 10002","https://www.yelp.com/biz/kisa-new-york?adjust_creative=UXC-7DhMRmbl5j3r-4UbkA&utm_campaign=yelp_api_v3&utm_medium=api_v3_business_search&utm_source=UXC-7DhMRmbl5j3r-4UbkA"
"Barbalu - Brooklyn","+13472944287","68 Bergen St, Brooklyn, NY 11201","https://www.yelp.com/biz/barbalu-brooklyn-brooklyn?adjust_creative=UXC-7DhMRmbl5j3r-4UbkA&utm_campaign=yelp_api_v3&utm_medium=api_v3_business_search&utm_source=UXC-7DhMRmbl5j3r-4UbkA"
"Los Tacos No.1","+12125744696","229 W 43rd St, New York, NY 10036","https://www.yelp.com/biz/los-tacos-no-1-new-york-3?adjust_creative=UXC-7DhMRmbl5j3r-4UbkA&utm_campaign=yelp_api_v3&utm_medium=api_v3_business_search&utm_source=UXC-7DhMRmbl5j3r-4UbkA"
"Evelina","+19292980209","211 Dekalb Ave, Brooklyn, NY 11205","https://www.yelp.com/biz/evelina-brooklyn-2?adjust_creative=UXC-7DhMRmbl5j3r-4UbkA&utm_campaign=yelp_api_v3&utm_medium=api_v3_business_search&utm_source=UXC-7DhMRmbl5j3r-4UbkA"
"Em Vietnamese Bistro","+17188757888","57 Front St, Brooklyn, NY 11201","https://www.yelp.com/biz/em-vietnamese-bistro-brooklyn?adjust_creative=UXC-7DhMRmbl5j3r-4UbkA&utm_campaign=yelp_api_v3&utm_medium=api_v3_business_search&utm_source=UXC-7DhMRmbl5j3r-4UbkA"
"Rice Thief","+19178327108","39-37 30th St, Long Island City, NY 11101","https://www.yelp.com/biz/rice-thief-long-island-city?adjust_creative=UXC-7DhMRmbl5j3r-4UbkA&utm_campaign=yelp_api_v3&utm_medium=api_v3_business_search&utm_source=UXC-7DhMRmbl5j3r-4UbkA"
"Westville","+17186185699","81 Washington St, Brooklyn, NY 11201","https://www.yelp.com/biz/westville-brooklyn?adjust_creative=UXC-7DhMRmbl5j3r-4UbkA&utm_campaign=yelp_api_v3&utm_medium=api_v3_business_search&utm_source=UXC-7DhMRmbl5j3r-4UbkA"
"Pecking House","+17182693452","244 Flatbush Ave, Brooklyn, NY 11217","https://www.yelp.com/biz/pecking-house-brooklyn-2?adjust_creative=UXC-7DhMRmbl5j3r-4UbkA&utm_campaign=yelp_api_v3&utm_medium=api_v3_business_search&utm_source=UXC-7DhMRmbl5j3r-4UbkA"
"Friedman's","+12129719400","138 W 31st St, New York, NY 10001","https://www.yelp.com/biz/friedmans-new-york-71?adjust_creative=UXC-7DhMRmbl5j3r-4UbkA&utm_campaign=yelp_api_v3&utm_medium=api_v3_business_search&utm_source=UXC-7DhMRmbl5j3r-4UbkA"
"Otis","+16468860601","18 Harrison Pl, Brooklyn, NY 11206","https://www.yelp.com/biz/otis-brooklyn-2?adjust_creative=UXC-7DhMRmbl5j3r-4UbkA&utm_campaign=yelp_api_v3&utm_medium=api_v3_business_search&utm_source=UXC-7DhMRmbl5j3r-4UbkA"
"Hometown Bar-B-Que","+13472944644","454 Van Brunt St, Brooklyn, NY 11231","https://www.yelp.com/biz/hometown-bar-b-que-brooklyn-3?adjust_creative=UXC-7DhMRmbl5j3r-4UbkA&utm_campaign=yelp_api_v3&utm_medium=api_v3_business_search&utm_source=UXC-7DhMRmbl5j3r-4UbkA"
"LumLum ","+16466844618","404 W 49th, New York, NY 10019","https://www.yelp.com/biz/lumlum-new-york?adjust_creative=UXC-7DhMRmbl5j3r-4UbkA&utm_campaign=yelp_api_v3&utm_medium=api_v3_business_search&utm_source=UXC-7DhMRmbl5j3r-4UbkA"
"Nura","+13476721222","46 Norman Ave, Brooklyn, NY 11222","https://www.yelp.com/biz/nura-brooklyn-2?adjust_creative=UXC-7DhMRmbl5j3r-4UbkA&utm_campaign=yelp_api_v3&utm_medium=api_v3_business_search&utm_source=UXC-7DhMRmbl5j3r-4UbkA"
"Kimura","+19179051864","31 St Marks Pl, New York, NY 10003","https://www.yelp.com/biz/kimura-new-york?adjust_creative=UXC-7DhMRmbl5j3r-4UbkA&utm_campaign=yelp_api_v3&utm_medium=api_v3_business_search&utm_source=UXC-7DhMRmbl5j3r-4UbkA"
"Pastis","+12129294844","52 Gansevoort St, New York, NY 10014","https://www.yelp.com/biz/pastis-new-york-3?adjust_creative=UXC-7DhMRmbl5j3r-4UbkA&utm_campaign=yelp_api_v3&utm_medium=api_v3_business_search&utm_source=UXC-7DhMRmbl5j3r-4UbkA"
"JeJu Noodle Bar","+16466660947","679 Greenwich St, New York, NY 10014","https://www.yelp.com/biz/jeju-noodle-bar-new-york?adjust_creative=UXC-7DhMRmbl5j3r-4UbkA&utm_campaign=yelp_api_v3&utm_medium=api_v3_business_search&utm_source=UXC-7DhMRmbl5j3r-4UbkA"
"The Little Pig","+17189549901","497 Atlantic Ave, Brooklyn, NY 11217","https://www.yelp.com/biz/the-little-pig-brooklyn?adjust_creative=UXC-7DhMRmbl5j3r-4UbkA&utm_campaign=yelp_api_v3&utm_medium=api_v3_business_search&utm_source=UXC-7DhMRmbl5j3r-4UbkA"
"Elephant District","+18453143606","9 Old Fulton St, Brooklyn, NY 11201","https://www.yelp.com/biz/elephant-district-brooklyn?adjust_creative=UXC-7DhMRmbl5j3r-4UbkA&utm_campaign=yelp_api_v3&utm_medium=api_v3_business_search&utm_source=UXC-7DhMRmbl5j3r-4UbkA"
"Shu Jiao Fu Zhou","+12126252532","295 Grand St, New York, NY 10002","https://www.yelp.com/biz/shu-jiao-fu-zhou-new-york-2?adjust_creative=UXC-7DhMRmbl5j3r-4UbkA&utm_campaign=yelp_api_v3&utm_medium=api_v3_business_search&utm_source=UXC-7DhMRmbl5j3r-4UbkA"
"Cecily","Not available","80 Franklin St, Brooklyn, NY 11222","https://www.yelp.com/biz/cecily-brooklyn?adjust_creative=UXC-7DhMRmbl5j3r-4UbkA&utm_campaign=yelp_api_v3&utm_medium=api_v3_business_search&utm_source=UXC-7DhMRmbl5j3r-4UbkA"
"Alice Restaurant","+12126914886","126 W 13th St, New York, NY 10011","https://www.yelp.com/biz/alice-restaurant-new-york?adjust_creative=UXC-7DhMRmbl5j3r-4UbkA&utm_campaign=yelp_api_v3&utm_medium=api_v3_business_search&utm_source=UXC-7DhMRmbl5j3r-4UbkA"
"Don Neo Fusion Japanese Izakaya","+17185763226","142 Montague St, Fl 2, Brooklyn, NY 11201","https://www.yelp.com/biz/don-neo-fusion-japanese-izakaya-brooklyn?adjust_creative=UXC-7DhMRmbl5j3r-4UbkA&utm_campaign=yelp_api_v3&utm_medium=api_v3_business_search&utm_source=UXC-7DhMRmbl5j3r-4UbkA"
"Alta Calidad","+17186221111","552 Vanderbilt Ave, Brooklyn, NY 11238","https://www.yelp.com/biz/alta-calidad-brooklyn?adjust_creative=UXC-7DhMRmbl5j3r-4UbkA&utm_campaign=yelp_api_v3&utm_medium=api_v3_business_search&utm_source=UXC-7DhMRmbl5j3r-4UbkA"
"Pranakhon Thai Restaurant","+12127866789","88 University Pl, New York, NY 10003","https://www.yelp.com/biz/pranakhon-thai-restaurant-new-york-2?adjust_creative=UXC-7DhMRmbl5j3r-4UbkA&utm_campaign=yelp_api_v3&utm_medium=api_v3_business_search&utm_source=UXC-7DhMRmbl5j3r-4UbkA"
"Sunday In Brooklyn","+13472226722","348 Wythe Ave, Brooklyn, NY 11249","https://www.yelp.com/biz/sunday-in-brooklyn-brooklyn-7?adjust_creative=UXC-7DhMRmbl5j3r-4UbkA&utm_campaign=yelp_api_v3&utm_medium=api_v3_business_search&utm_source=UXC-7DhMRmbl5j3r-4UbkA"
"The Rogue Panda","+13055045191","55 Water St, Ste 5, Brooklyn, NY 11201","https://www.yelp.com/biz/the-rogue-panda-brooklyn?adjust_creative=UXC-7DhMRmbl5j3r-4UbkA&utm_campaign=yelp_api_v3&utm_medium=api_v3_business_search&utm_source=UXC-7DhMRmbl5j3r-4UbkA"
"Frena","+16465031464","773 10th Ave, New York, NY 10019","https://www.yelp.com/biz/frena-new-york-2?adjust_creative=UXC-7DhMRmbl5j3r-4UbkA&utm_campaign=yelp_api_v3&utm_medium=api_v3_business_search&utm_source=UXC-7DhMRmbl5j3r-4UbkA"
"The Flatiron Room Murray Hill","+12127253866","9 E 37th St, New York, NY 10016","https://www.yelp.com/biz/the-flatiron-room-murray-hill-new-york?adjust_creative=UXC-7DhMRmbl5j3r-4UbkA&utm_campaign=yelp_api_v3&utm_medium=api_v3_business_search&utm_source=UXC-7DhMRmbl5j3r-4UbkA"
"Noodle Pudding","+17186253737","38 Henry St, Brooklyn, NY 11201","https://www.yelp.com/biz/noodle-pudding-brooklyn?adjust_creative=UXC-7DhMRmbl5j3r-4UbkA&utm_campaign=yelp_api_v3&utm_medium=api_v3_business_search&utm_source=UXC-7DhMRmbl5j3r-4UbkA"
"Lingo","+13475294584","27 Greenpoint Ave, Brooklyn, NY 11222","https://www.yelp.com/biz/lingo-brooklyn?adjust_creative=UXC-7DhMRmbl5j3r-4UbkA&utm_campaign=yelp_api_v3&utm_medium=api_v3_business_search&utm_source=UXC-7DhMRmbl5j3r-4UbkA"
"Wenwen","+16469015644","1025 Manhattan Ave, Brooklyn, NY 11222","https://www.yelp.com/biz/wenwen-brooklyn-2?adjust_creative=UXC-7DhMRmbl5j3r-4UbkA&utm_campaign=yelp_api_v3&utm_medium=api_v3_business_search&utm_source=UXC-7DhMRmbl5j3r-4UbkA"
"Chama Mama ","+13476892725","121 Montague St, Brooklyn, NY 11201","https://www.yelp.com/biz/chama-mama-brooklyn-4?adjust_creative=UXC-7DhMRmbl5j3r-4UbkA&utm_campaign=yelp_api_v3&utm_medium=api_v3_business_search&utm_source=UXC-7DhMRmbl5j3r-4UbkA"
"Forma Pasta Factory","+17183492009","14 Bedford Ave, Brooklyn, NY 11222","https://www.yelp.com/biz/forma-pasta-factory-brooklyn?adjust_creative=UXC-7DhMRmbl5j3r-4UbkA&utm_campaign=yelp_api_v3&utm_medium=api_v3_business_search&utm_source=UXC-7DhMRmbl5j3r-4UbkA"
"RH Rooftop Restaurant at RH New York","+12122172210","9 9th Ave, New York, NY 10014","https://www.yelp.com/biz/rh-rooftop-restaurant-new-york-new-york-2?adjust_creative=UXC-7DhMRmbl5j3r-4UbkA&utm_campaign=yelp_api_v3&utm_medium=api_v3_business_search&utm_source=UXC-7DhMRmbl5j3r-4UbkA"
"Dim Sum Palace","+12125874277","27 Division St, New York, NY 10002","https://www.yelp.com/biz/dim-sum-palace-new-york-16?adjust_creative=UXC-7DhMRmbl5j3r-4UbkA&utm_campaign=yelp_api_v3&utm_medium=api_v3_business_search&utm_source=UXC-7DhMRmbl5j3r-4UbkA"
"Botte Brooklyn","+17185865090","327 Gold St, Brooklyn, NY 11201","https://www.yelp.com/biz/botte-brooklyn-brooklyn?adjust_creative=UXC-7DhMRmbl5j3r-4UbkA&utm_campaign=yelp_api_v3&utm_medium=api_v3_business_search&utm_source=UXC-7DhMRmbl5j3r-4UbkA"
"Wayla","+12122062500","100 Forsyth St, Basement, New York, NY 10002","https://www.yelp.com/biz/wayla-new-york?adjust_creative=UXC-7DhMRmbl5j3r-4UbkA&utm_campaign=yelp_api_v3&utm_medium=api_v3_business_search&utm_source=UXC-7DhMRmbl5j3r-4UbkA"
"Al Badawi","+17186895888","151 Atlantic Ave, Brooklyn, NY 11201","https://www.yelp.com/biz/al-badawi-brooklyn-2?adjust_creative=UXC-7DhMRmbl5j3r-4UbkA&utm_campaign=yelp_api_v3&utm_medium=api_v3_business_search&utm_source=UXC-7DhMRmbl5j3r-4UbkA"
"Au Za'atar","+12126253982","1063 1st Ave, New York, NY 10022","https://www.yelp.com/biz/au-zaatar-new-york-5?adjust_creative=UXC-7DhMRmbl5j3r-4UbkA&utm_campaign=yelp_api_v3&utm_medium=api_v3_business_search&utm_source=UXC-7DhMRmbl5j3r-4UbkA"
"Thai Diner","+16465594140","186 Mott St, New York, NY 10012","https://www.yelp.com/biz/thai-diner-new-york?adjust_creative=UXC-7DhMRmbl5j3r-4UbkA&utm_campaign=yelp_api_v3&utm_medium=api_v3_business_search&utm_source=UXC-7DhMRmbl5j3r-4UbkA"
"Din Soup Dumplings","+17185503888","162 Montague St, Brooklyn, NY 11201","https://www.yelp.com/biz/din-soup-dumplings-brooklyn?adjust_creative=UXC-7DhMRmbl5j3r-4UbkA&utm_campaign=yelp_api_v3&utm_medium=api_v3_business_search&utm_source=UXC-7DhMRmbl5j3r-4UbkA"
"Ozakaya","+19294565956","635 Vanderbilt Ave, Brooklyn, NY 11238","https://www.yelp.com/biz/ozakaya-brooklyn?adjust_creative=UXC-7DhMRmbl5j3r-4UbkA&utm_campaign=yelp_api_v3&utm_medium=api_v3_business_search&utm_source=UXC-7DhMRmbl5j3r-4UbkA"
"Taboonette","+12125107881","30 E 13th St, New York, NY 10003","https://www.yelp.com/biz/taboonette-new-york?adjust_creative=UXC-7DhMRmbl5j3r-4UbkA&utm_campaign=yelp_api_v3&utm_medium=api_v3_business_search&utm_source=UXC-7DhMRmbl5j3r-4UbkA"
"Red Hook Tavern","+19179666094","329 Van Brunt St, Brooklyn, NY 11231","https://www.yelp.com/biz/red-hook-tavern-brooklyn?adjust_creative=UXC-7DhMRmbl5j3r-4UbkA&utm_campaign=yelp_api_v3&utm_medium=api_v3_business_search&utm_source=UXC-7DhMRmbl5j3r-4UbkA"
"Sea Salt","+19172614443","1123 1st Ave, New York, NY 10065","https://www.yelp.com/biz/sea-salt-new-york-5?adjust_creative=UXC-7DhMRmbl5j3r-4UbkA&utm_campaign=yelp_api_v3&utm_medium=api_v3_business_search&utm_source=UXC-7DhMRmbl5j3r-4UbkA"
"Hav & Mar","+12123288041","245 11th Ave, New York, NY 10001","https://www.yelp.com/biz/hav-and-mar-new-york?adjust_creative=UXC-7DhMRmbl5j3r-4UbkA&utm_campaign=yelp_api_v3&utm_medium=api_v3_business_search&utm_source=UXC-7DhMRmbl5j3r-4UbkA"
"Raices Argentina","+13472944018","667 5th Ave, Brooklyn, NY 11215","https://www.yelp.com/biz/raices-argentina-brooklyn?adjust_creative=UXC-7DhMRmbl5j3r-4UbkA&utm_campaign=yelp_api_v3&utm_medium=api_v3_business_search&utm_source=UXC-7DhMRmbl5j3r-4UbkA"
"K'Far - Brooklyn","+17182157100","97 Wythe Ave, Brooklyn, NY 11249","https://www.yelp.com/biz/kfar-brooklyn-brooklyn?adjust_creative=UXC-7DhMRmbl5j3r-4UbkA&utm_campaign=yelp_api_v3&utm_medium=api_v3_business_search&utm_source=UXC-7DhMRmbl5j3r-4UbkA"
"Bangkok Supper Club","+16463441733","641 Hudson St, New York, NY 10014","https://www.yelp.com/biz/bangkok-supper-club-new-york?adjust_creative=UXC-7DhMRmbl5j3r-4UbkA&utm_campaign=yelp_api_v3&utm_medium=api_v3_business_search&utm_source=UXC-7DhMRmbl5j3r-4UbkA"
"Osteria Del Porto","+16465906053","212 Front St, New York, NY 10038","https://www.yelp.com/biz/osteria-del-porto-new-york?adjust_creative=UXC-7DhMRmbl5j3r-4UbkA&utm_campaign=yelp_api_v3&utm_medium=api_v3_business_search&utm_source=UXC-7DhMRmbl5j3r-4UbkA"
"Chow House 德悦轩","+12128371021","181 Bleecker St, New York, NY 10012","https://www.yelp.com/biz/chow-house-%E5%BE%B7%E6%82%A6%E8%BD%A9-new-york?adjust_creative=UXC-7DhMRmbl5j3r-4UbkA&utm_campaign=yelp_api_v3&utm_medium=api_v3_business_search&utm_source=UXC-7DhMRmbl5j3r-4UbkA"
"Buntopia","+13474353660","994 Broadway, Brooklyn, NY 11221","https://www.yelp.com/biz/buntopia-brooklyn?adjust_creative=UXC-7DhMRmbl5j3r-4UbkA&utm_campaign=yelp_api_v3&utm_medium=api_v3_business_search&utm_source=UXC-7DhMRmbl5j3r-4UbkA"
"Paesano of Mulberry Street","+12129651188","136 Mulberry St, New York, NY 10013","https://www.yelp.com/biz/paesano-of-mulberry-street-new-york?adjust_creative=UXC-7DhMRmbl5j3r-4UbkA&utm_campaign=yelp_api_v3&utm_medium=api_v3_business_search&utm_source=UXC-7DhMRmbl5j3r-4UbkA"
"Shuka","+12124757500","38 MacDougal St, New York, NY 10012","https://www.yelp.com/biz/shuka-new-york-3?adjust_creative=UXC-7DhMRmbl5j3r-4UbkA&utm_campaign=yelp_api_v3&utm_medium=api_v3_business_search&utm_source=UXC-7DhMRmbl5j3r-4UbkA"
"Mezze on the River","+12124321451","375 S End Ave, New York, NY 10280","https://www.yelp.com/biz/mezze-on-the-river-new-york?adjust_creative=UXC-7DhMRmbl5j3r-4UbkA&utm_campaign=yelp_api_v3&utm_medium=api_v3_business_search&utm_source=UXC-7DhMRmbl5j3r-4UbkA"
"THEP Thai Restaurant","+12128999995","1439 2nd Ave, New York, NY 10021","https://www.yelp.com/biz/thep-thai-restaurant-new-york-5?adjust_creative=UXC-7DhMRmbl5j3r-4UbkA&utm_campaign=yelp_api_v3&utm_medium=api_v3_business_search&utm_source=UXC-7DhMRmbl5j3r-4UbkA"
"Zhego NYC","+13476423166","38-4 61st St, Woodside, NY 11377","https://www.yelp.com/biz/zhego-nyc-woodside?adjust_creative=UXC-7DhMRmbl5j3r-4UbkA&utm_campaign=yelp_api_v3&utm_medium=api_v3_business_search&utm_source=UXC-7DhMRmbl5j3r-4UbkA"
"Park Avenue Tavern","+12128674484","99 Park Ave, New York, NY 10016","https://www.yelp.com/biz/park-avenue-tavern-new-york?adjust_creative=UXC-7DhMRmbl5j3r-4UbkA&utm_campaign=yelp_api_v3&utm_medium=api_v3_business_search&utm_source=UXC-7DhMRmbl5j3r-4UbkA"
"Okonomi","+19292950480","150 Ainslie St, Brooklyn, NY 11211","https://www.yelp.com/biz/okonomi-brooklyn-3?adjust_creative=UXC-7DhMRmbl5j3r-4UbkA&utm_campaign=yelp_api_v3&utm_medium=api_v3_business_search&utm_source=UXC-7DhMRmbl5j3r-4UbkA"
"Cobble Fish","+12122102997","89 S St, Pier 16, New York, NY 10038","https://www.yelp.com/biz/cobble-fish-new-york-2?adjust_creative=UXC-7DhMRmbl5j3r-4UbkA&utm_campaign=yelp_api_v3&utm_medium=api_v3_business_search&utm_source=UXC-7DhMRmbl5j3r-4UbkA"
"L&B Spumoni Gardens","+17185964646","46 Old Fulton St, Brooklyn, NY 11201","https://www.yelp.com/biz/l-and-b-spumoni-gardens-brooklyn-5?adjust_creative=UXC-7DhMRmbl5j3r-4UbkA&utm_campaign=yelp_api_v3&utm_medium=api_v3_business_search&utm_source=UXC-7DhMRmbl5j3r-4UbkA"
"Vineapple","+13477991035","71 Pineapple St, Brooklyn, NY 11201","https://www.yelp.com/biz/vineapple-brooklyn-4?adjust_creative=UXC-7DhMRmbl5j3r-4UbkA&utm_campaign=yelp_api_v3&utm_medium=api_v3_business_search&utm_source=UXC-7DhMRmbl5j3r-4UbkA"
"Chef Huang Jian Bing & Peking Duck","+16469186065","635 2nd Ave, New York, NY 10016","https://www.yelp.com/biz/chef-huang-jian-bing-and-peking-duck-new-york?adjust_creative=UXC-7DhMRmbl5j3r-4UbkA&utm_campaign=yelp_api_v3&utm_medium=api_v3_business_search&utm_source=UXC-7DhMRmbl5j3r-4UbkA"
"Bourbon Steak","+12124845120","160 Central Park S, JW Marriott Essex, New York, NY 10019","https://www.yelp.com/biz/bourbon-steak-new-york-3?adjust_creative=UXC-7DhMRmbl5j3r-4UbkA&utm_campaign=yelp_api_v3&utm_medium=api_v3_business_search&utm_source=UXC-7DhMRmbl5j3r-4UbkA"
"The Standard East Village","+12124755700","25 Cooper Sq, New York, NY 10003","https://www.yelp.com/biz/the-standard-east-village-new-york-3?adjust_creative=UXC-7DhMRmbl5j3r-4UbkA&utm_campaign=yelp_api_v3&utm_medium=api_v3_business_search&utm_source=UXC-7DhMRmbl5j3r-4UbkA"
"Olle","+16463689922","11 E 30th St, New York, NY 10016","https://www.yelp.com/biz/olle-new-york?adjust_creative=UXC-7DhMRmbl5j3r-4UbkA&utm_campaign=yelp_api_v3&utm_medium=api_v3_business_search&utm_source=UXC-7DhMRmbl5j3r-4UbkA"
"Naked Dog","+19293378096","47 Java St, Brooklyn, NY 11222","https://www.yelp.com/biz/naked-dog-brooklyn-2?adjust_creative=UXC-7DhMRmbl5j3r-4UbkA&utm_campaign=yelp_api_v3&utm_medium=api_v3_business_search&utm_source=UXC-7DhMRmbl5j3r-4UbkA"
"wagamama - midtown","+13329006111","100 W 55th St, New York, NY 10019","https://www.yelp.com/biz/wagamama-midtown-new-york?adjust_creative=UXC-7DhMRmbl5j3r-4UbkA&utm_campaign=yelp_api_v3&utm_medium=api_v3_business_search&utm_source=UXC-7DhMRmbl5j3r-4UbkA"
"L'Artusi","+12122555757","228 W 10th St, New York, NY 10014","https://www.yelp.com/biz/l-artusi-new-york?adjust_creative=UXC-7DhMRmbl5j3r-4UbkA&utm_campaign=yelp_api_v3&utm_medium=api_v3_business_search&utm_source=UXC-7DhMRmbl5j3r-4UbkA"
"Piccola Cucina Casa","Not available","141 Nevins St, Brooklyn, NY 11217","https://www.yelp.com/biz/piccola-cucina-casa-brooklyn?adjust_creative=UXC-7DhMRmbl5j3r-4UbkA&utm_campaign=yelp_api_v3&utm_medium=api_v3_business_search&utm_source=UXC-7DhMRmbl5j3r-4UbkA"
"Place des Fêtes","+17188570101","212 Greene Ave, Brooklyn, NY 11238","https://www.yelp.com/biz/place-des-f%C3%AAtes-brooklyn?adjust_creative=UXC-7DhMRmbl5j3r-4UbkA&utm_campaign=yelp_api_v3&utm_medium=api_v3_business_search&utm_source=UXC-7DhMRmbl5j3r-4UbkA"
"Dinner Party","+13474639173","274 Hall St, Brooklyn, NY 11205","https://www.yelp.com/biz/dinner-party-brooklyn?adjust_creative=UXC-7DhMRmbl5j3r-4UbkA&utm_campaign=yelp_api_v3&utm_medium=api_v3_business_search&utm_source=UXC-7DhMRmbl5j3r-4UbkA"
"Chama Mama","+16464389007","149 W 14th St, New York, NY 10011","https://www.yelp.com/biz/chama-mama-new-york-5?adjust_creative=UXC-7DhMRmbl5j3r-4UbkA&utm_campaign=yelp_api_v3&utm_medium=api_v3_business_search&utm_source=UXC-7DhMRmbl5j3r-4UbkA"
"Tabaré Williamsburg ","+13473350187","221 S 1st St, Brooklyn, NY 11211","https://www.yelp.com/biz/tabar%C3%A9-williamsburg-brooklyn-3?adjust_creative=UXC-7DhMRmbl5j3r-4UbkA&utm_campaign=yelp_api_v3&utm_medium=api_v3_business_search&utm_source=UXC-7DhMRmbl5j3r-4UbkA"
"Lil Chef Mama","+16469645555","27 Cliff St, New York, NY 10038","https://www.yelp.com/biz/lil-chef-mama-new-york?adjust_creative=UXC-7DhMRmbl5j3r-4UbkA&utm_campaign=yelp_api_v3&utm_medium=api_v3_business_search&utm_source=UXC-7DhMRmbl5j3r-4UbkA"
"Mitr Thai","+12124666699","37 W 46th St, New York, NY 10036","https://www.yelp.com/biz/mitr-thai-new-york?adjust_creative=UXC-7DhMRmbl5j3r-4UbkA&utm_campaign=yelp_api_v3&utm_medium=api_v3_business_search&utm_source=UXC-7DhMRmbl5j3r-4UbkA"
"Les Enfants de Boheme","+16464764843","177 Henry St, New York, NY 10002","https://www.yelp.com/biz/les-enfants-de-boheme-new-york?adjust_creative=UXC-7DhMRmbl5j3r-4UbkA&utm_campaign=yelp_api_v3&utm_medium=api_v3_business_search&utm_source=UXC-7DhMRmbl5j3r-4UbkA"
"Sen Saigon","+13479693727","150 E Broadway, New York, NY 10002","https://www.yelp.com/biz/sen-saigon-new-york?adjust_creative=UXC-7DhMRmbl5j3r-4UbkA&utm_campaign=yelp_api_v3&utm_medium=api_v3_business_search&utm_source=UXC-7DhMRmbl5j3r-4UbkA"
"Sen Saigon","+13479693727","150 E Broadway, New York, NY 10002","https://www.yelp.com/biz/sen-saigon-new-york?adjust_creative=UXC-7DhMRmbl5j3r-4UbkA&utm_campaign=yelp_api_v3&utm_medium=api_v3_business_search&utm_source=UXC-7DhMRmbl5j3r-4UbkA"
"Tanner Smiths","+16465902034","204 W 55th St, New York, NY 10019","https://www.yelp.com/biz/tanner-smiths-new-york-2?adjust_creative=UXC-7DhMRmbl5j3r-4UbkA&utm_campaign=yelp_api_v3&utm_medium=api_v3_business_search&utm_source=UXC-7DhMRmbl5j3r-4UbkA"
"Little Ruby's East Village","+16469984265","198 E 11th St, New York, NY 10003","https://www.yelp.com/biz/rubys-cafe-east-village-new-york-2?adjust_creative=UXC-7DhMRmbl5j3r-4UbkA&utm_campaign=yelp_api_v3&utm_medium=api_v3_business_search&utm_source=UXC-7DhMRmbl5j3r-4UbkA"
"Boucherie West Village","+12128371616","99 7th Ave S, New York, NY 10014","https://www.yelp.com/biz/boucherie-west-village-new-york-3?adjust_creative=UXC-7DhMRmbl5j3r-4UbkA&utm_campaign=yelp_api_v3&utm_medium=api_v3_business_search&utm_source=UXC-7DhMRmbl5j3r-4UbkA"
"Trapizzino","+12124752555","144 Orchard St, New York, NY 10002","https://www.yelp.com/biz/trapizzino-new-york?adjust_creative=UXC-7DhMRmbl5j3r-4UbkA&utm_campaign=yelp_api_v3&utm_medium=api_v3_business_search&utm_source=UXC-7DhMRmbl5j3r-4UbkA"
"La Contenta Les","+12124324180","102 Norfolk St, New York, NY 10002","https://www.yelp.com/biz/la-contenta-les-new-york?adjust_creative=UXC-7DhMRmbl5j3r-4UbkA&utm_campaign=yelp_api_v3&utm_medium=api_v3_business_search&utm_source=UXC-7DhMRmbl5j3r-4UbkA"
"Mint Heights","+13479160325","46 Henry St, Brooklyn, NY 11201","https://www.yelp.com/biz/mint-heights-brooklyn-3?adjust_creative=UXC-7DhMRmbl5j3r-4UbkA&utm_campaign=yelp_api_v3&utm_medium=api_v3_business_search&utm_source=UXC-7DhMRmbl5j3r-4UbkA"
"Carla","+19294044082","331 W 51st St, Ground Fl, New York, NY 10019","https://www.yelp.com/biz/carla-new-york-2?adjust_creative=UXC-7DhMRmbl5j3r-4UbkA&utm_campaign=yelp_api_v3&utm_medium=api_v3_business_search&utm_source=UXC-7DhMRmbl5j3r-4UbkA"
"Fulton Fish","+16468686000","96 South St, New York, NY 10038","https://www.yelp.com/biz/fulton-fish-new-york-5?adjust_creative=UXC-7DhMRmbl5j3r-4UbkA&utm_campaign=yelp_api_v3&utm_medium=api_v3_business_search&utm_source=UXC-7DhMRmbl5j3r-4UbkA"
"La Nacional","+12129297873","239 W 14th St, New York, NY 10011","https://www.yelp.com/biz/la-nacional-new-york-6?adjust_creative=UXC-7DhMRmbl5j3r-4UbkA&utm_campaign=yelp_api_v3&utm_medium=api_v3_business_search&utm_source=UXC-7DhMRmbl5j3r-4UbkA"
"Popina","+17182221901","127 Columbia St, Brooklyn, NY 11231","https://www.yelp.com/biz/popina-brooklyn?adjust_creative=UXC-7DhMRmbl5j3r-4UbkA&utm_campaign=yelp_api_v3&utm_medium=api_v3_business_search&utm_source=UXC-7DhMRmbl5j3r-4UbkA"
"1915 Lanzhou Hand Pulled Noodles","+19178287384","207 E 26th St, New York, NY 10016","https://www.yelp.com/biz/1915-lanzhou-hand-pulled-noodles-new-york?adjust_creative=UXC-7DhMRmbl5j3r-4UbkA&utm_campaign=yelp_api_v3&utm_medium=api_v3_business_search&utm_source=UXC-7DhMRmbl5j3r-4UbkA"
"Parker & Quinn","+12127290277","64 W 39th St, New York, NY 10018","https://www.yelp.com/biz/parker-and-quinn-new-york?adjust_creative=UXC-7DhMRmbl5j3r-4UbkA&utm_campaign=yelp_api_v3&utm_medium=api_v3_business_search&utm_source=UXC-7DhMRmbl5j3r-4UbkA"
"Baba's Pierogies","+17182220777","295 3rd Ave, Brooklyn, NY 11215","https://www.yelp.com/biz/babas-pierogies-brooklyn?adjust_creative=UXC-7DhMRmbl5j3r-4UbkA&utm_campaign=yelp_api_v3&utm_medium=api_v3_business_search&utm_source=UXC-7DhMRmbl5j3r-4UbkA"
"Aragvi","+16468630990","230 E 44th St, New York, NY 10017","https://www.yelp.com/biz/aragvi-new-york?adjust_creative=UXC-7DhMRmbl5j3r-4UbkA&utm_campaign=yelp_api_v3&utm_medium=api_v3_business_search&utm_source=UXC-7DhMRmbl5j3r-4UbkA"
"Brickyard Craft Kitchen and Bar","+16464490826","23 Park Pl, New York, NY 10007","https://www.yelp.com/biz/brickyard-craft-kitchen-and-bar-new-york?adjust_creative=UXC-7DhMRmbl5j3r-4UbkA&utm_campaign=yelp_api_v3&utm_medium=api_v3_business_search&utm_source=UXC-7DhMRmbl5j3r-4UbkA"
"Bersi Ethiopian Restaurant","+13473350920","1049 Manhattan Ave, Brooklyn, NY 11222","https://www.yelp.com/biz/bersi-ethiopian-restaurant-brooklyn?adjust_creative=UXC-7DhMRmbl5j3r-4UbkA&utm_campaign=yelp_api_v3&utm_medium=api_v3_business_search&utm_source=UXC-7DhMRmbl5j3r-4UbkA"
"Din Tai Fung","+12122879178","1633 Broadway, New York, NY 10019","https://www.yelp.com/biz/din-tai-fung-new-york-3?adjust_creative=UXC-7DhMRmbl5j3r-4UbkA&utm_campaign=yelp_api_v3&utm_medium=api_v3_business_search&utm_source=UXC-7DhMRmbl5j3r-4UbkA"
"Lula Mae","Not available","472 Myrtle Ave, Brooklyn, NY 11205","https://www.yelp.com/biz/lula-mae-brooklyn?adjust_creative=UXC-7DhMRmbl5j3r-4UbkA&utm_campaign=yelp_api_v3&utm_medium=api_v3_business_search&utm_source=UXC-7DhMRmbl5j3r-4UbkA"
"Cookshop","+12129244440","156 10th Ave, New York, NY 10011","https://www.yelp.com/biz/cookshop-new-york?adjust_creative=UXC-7DhMRmbl5j3r-4UbkA&utm_campaign=yelp_api_v3&utm_medium=api_v3_business_search&utm_source=UXC-7DhMRmbl5j3r-4UbkA"
"Benemon","+12126143006","108 E 4th St, New York, NY 10003","https://www.yelp.com/biz/benemon-new-york?adjust_creative=UXC-7DhMRmbl5j3r-4UbkA&utm_campaign=yelp_api_v3&utm_medium=api_v3_business_search&utm_source=UXC-7DhMRmbl5j3r-4UbkA"
"El Pingüino","+13474639509","25 Greenpoint Ave, Brooklyn, NY 11222","https://www.yelp.com/biz/el-ping%C3%BCino-brooklyn?adjust_creative=UXC-7DhMRmbl5j3r-4UbkA&utm_campaign=yelp_api_v3&utm_medium=api_v3_business_search&utm_source=UXC-7DhMRmbl5j3r-4UbkA"
"The Ragtrader & Bo Peep Cocktail and Highball Store","+19172615495","70 W 36th St 1A, 1A, New York, NY 10018","https://www.yelp.com/biz/the-ragtrader-and-bo-peep-cocktail-and-highball-store-new-york-5?adjust_creative=UXC-7DhMRmbl5j3r-4UbkA&utm_campaign=yelp_api_v3&utm_medium=api_v3_business_search&utm_source=UXC-7DhMRmbl5j3r-4UbkA"
"Palermo NYC Argentinian Bistro","+12122652060","373 W 46th St, New York, NY 10036","https://www.yelp.com/biz/palermo-nyc-argentinian-bistro-new-york?adjust_creative=UXC-7DhMRmbl5j3r-4UbkA&utm_campaign=yelp_api_v3&utm_medium=api_v3_business_search&utm_source=UXC-7DhMRmbl5j3r-4UbkA"
"Manhatta","+12122305788","28 Liberty St, Fl 60, New York, NY 10005","https://www.yelp.com/biz/manhatta-new-york?adjust_creative=UXC-7DhMRmbl5j3r-4UbkA&utm_campaign=yelp_api_v3&utm_medium=api_v3_business_search&utm_source=UXC-7DhMRmbl5j3r-4UbkA"
"Greywind","+13472524012","451 10th Ave, New York, NY 10018","https://www.yelp.com/biz/greywind-new-york?adjust_creative=UXC-7DhMRmbl5j3r-4UbkA&utm_campaign=yelp_api_v3&utm_medium=api_v3_business_search&utm_source=UXC-7DhMRmbl5j3r-4UbkA"
"Kuun","+19179091466","290 Livingston St, Brooklyn, NY 11217","https://www.yelp.com/biz/kuun-brooklyn?adjust_creative=UXC-7DhMRmbl5j3r-4UbkA&utm_campaign=yelp_api_v3&utm_medium=api_v3_business_search&utm_source=UXC-7DhMRmbl5j3r-4UbkA"
"Hey Yuet","+16469984196","251 W 26th St, New York, NY 10001","https://www.yelp.com/biz/hey-yuet-new-york?adjust_creative=UXC-7DhMRmbl5j3r-4UbkA&utm_campaign=yelp_api_v3&utm_medium=api_v3_business_search&utm_source=UXC-7DhMRmbl5j3r-4UbkA"
"Bolivian Llama Party","+13473709102","44-14 48th Ave, Sunnyside, NY 11377","https://www.yelp.com/biz/bolivian-llama-party-sunnyside?adjust_creative=UXC-7DhMRmbl5j3r-4UbkA&utm_campaign=yelp_api_v3&utm_medium=api_v3_business_search&utm_source=UXC-7DhMRmbl5j3r-4UbkA"
"Meju","Not available","5-28 49th Ave, Long Island City, NY 11101","https://www.yelp.com/biz/meju-long-island-city?adjust_creative=UXC-7DhMRmbl5j3r-4UbkA&utm_campaign=yelp_api_v3&utm_medium=api_v3_business_search&utm_source=UXC-7DhMRmbl5j3r-4UbkA"
"La Sirene","+12129253061","558 Broome St, New York, NY 10013","https://www.yelp.com/biz/la-sirene-new-york-4?adjust_creative=UXC-7DhMRmbl5j3r-4UbkA&utm_campaign=yelp_api_v3&utm_medium=api_v3_business_search&utm_source=UXC-7DhMRmbl5j3r-4UbkA"
"Supper Club by Le Petit Parisien","+19172620910","355 E 78th St, New York, NY 10075","https://www.yelp.com/biz/supper-club-by-le-petit-parisien-new-york?adjust_creative=UXC-7DhMRmbl5j3r-4UbkA&utm_campaign=yelp_api_v3&utm_medium=api_v3_business_search&utm_source=UXC-7DhMRmbl5j3r-4UbkA"
"Park Ave Kitchen by David Burke","+16468474166","514 Lexington Ave, New York, NY 10017","https://www.yelp.com/biz/park-ave-kitchen-by-david-burke-new-york?adjust_creative=UXC-7DhMRmbl5j3r-4UbkA&utm_campaign=yelp_api_v3&utm_medium=api_v3_business_search&utm_source=UXC-7DhMRmbl5j3r-4UbkA"
"Bartley Dunnes","+16467719214","160 W 54th St, New York, NY 10019","https://www.yelp.com/biz/bartley-dunnes-new-york-3?adjust_creative=UXC-7DhMRmbl5j3r-4UbkA&utm_campaign=yelp_api_v3&utm_medium=api_v3_business_search&utm_source=UXC-7DhMRmbl5j3r-4UbkA"
"Macosa Trattoria","+16465747866","310 Tompkins Ave, Brooklyn, NY 11216","https://www.yelp.com/biz/macosa-trattoria-brooklyn?adjust_creative=UXC-7DhMRmbl5j3r-4UbkA&utm_campaign=yelp_api_v3&utm_medium=api_v3_business_search&utm_source=UXC-7DhMRmbl5j3r-4UbkA"
"5ive Spice","+17188573483","52 5th Ave, Brooklyn, NY 11217","https://www.yelp.com/biz/5ive-spice-brooklyn-3?adjust_creative=UXC-7DhMRmbl5j3r-4UbkA&utm_campaign=yelp_api_v3&utm_medium=api_v3_business_search&utm_source=UXC-7DhMRmbl5j3r-4UbkA"
"Wah Fung No 1","+12129255175","79 Chrystie St, New York, NY 10002","https://www.yelp.com/biz/wah-fung-no-1-new-york-2?adjust_creative=UXC-7DhMRmbl5j3r-4UbkA&utm_campaign=yelp_api_v3&utm_medium=api_v3_business_search&utm_source=UXC-7DhMRmbl5j3r-4UbkA"
"Omakase By Korami","+19172150650","400A W 50th St, New York, NY 10019","https://www.yelp.com/biz/omakase-by-korami-new-york?adjust_creative=UXC-7DhMRmbl5j3r-4UbkA&utm_campaign=yelp_api_v3&utm_medium=api_v3_business_search&utm_source=UXC-7DhMRmbl5j3r-4UbkA"
"Santa Fe BK","+13477630279","178 N 8th St, Brooklyn, NY 11211","https://www.yelp.com/biz/santa-fe-bk-brooklyn?adjust_creative=UXC-7DhMRmbl5j3r-4UbkA&utm_campaign=yelp_api_v3&utm_medium=api_v3_business_search&utm_source=UXC-7DhMRmbl5j3r-4UbkA"
"Hey Thai","+16464768084","127 John St, New York, NY 10038","https://www.yelp.com/biz/hey-thai-new-york?adjust_creative=UXC-7DhMRmbl5j3r-4UbkA&utm_campaign=yelp_api_v3&utm_medium=api_v3_business_search&utm_source=UXC-7DhMRmbl5j3r-4UbkA"
"Siempre","+17169321119","255 3rd Ave, Brooklyn, NY 11215","https://www.yelp.com/biz/siempre-brooklyn?adjust_creative=UXC-7DhMRmbl5j3r-4UbkA&utm_campaign=yelp_api_v3&utm_medium=api_v3_business_search&utm_source=UXC-7DhMRmbl5j3r-4UbkA"
"Gran Via","Not available","57 Stone St, New York, NY 10004","https://www.yelp.com/biz/gran-via-new-york?adjust_creative=UXC-7DhMRmbl5j3r-4UbkA&utm_campaign=yelp_api_v3&utm_medium=api_v3_business_search&utm_source=UXC-7DhMRmbl5j3r-4UbkA"
"The Fulton by Jean-Georges","+12128381200","89 South St, New York, NY 10038","https://www.yelp.com/biz/the-fulton-by-jean-georges-new-york-2?adjust_creative=UXC-7DhMRmbl5j3r-4UbkA&utm_campaign=yelp_api_v3&utm_medium=api_v3_business_search&utm_source=UXC-7DhMRmbl5j3r-4UbkA"
"Omusubi Gonbei","+19174727168","370 Lexington Ave, New York, NY 10017","https://www.yelp.com/biz/omusubi-gonbei-new-york-3?adjust_creative=UXC-7DhMRmbl5j3r-4UbkA&utm_campaign=yelp_api_v3&utm_medium=api_v3_business_search&utm_source=UXC-7DhMRmbl5j3r-4UbkA"
"El Fish Marisquería","+12128742000","155 Amsterdam Ave 67th St, New York, NY 10023","https://www.yelp.com/biz/el-fish-marisquer%C3%ADa-new-york?adjust_creative=UXC-7DhMRmbl5j3r-4UbkA&utm_campaign=yelp_api_v3&utm_medium=api_v3_business_search&utm_source=UXC-7DhMRmbl5j3r-4UbkA"
"Lindens","+19295957706","2 Renwick St, New York, NY 10013","https://www.yelp.com/biz/lindens-new-york?adjust_creative=UXC-7DhMRmbl5j3r-4UbkA&utm_campaign=yelp_api_v3&utm_medium=api_v3_business_search&utm_source=UXC-7DhMRmbl5j3r-4UbkA"
"Cheeseboat","+16466844214","747 9th Ave, New York, NY 10019","https://www.yelp.com/biz/cheeseboat-new-york?adjust_creative=UXC-7DhMRmbl5j3r-4UbkA&utm_campaign=yelp_api_v3&utm_medium=api_v3_business_search&utm_source=UXC-7DhMRmbl5j3r-4UbkA"
"UnTable","+13475294974","529 Henry St, Brooklyn, NY 11231","https://www.yelp.com/biz/untable-brooklyn?adjust_creative=UXC-7DhMRmbl5j3r-4UbkA&utm_campaign=yelp_api_v3&utm_medium=api_v3_business_search&utm_source=UXC-7DhMRmbl5j3r-4UbkA"
"The River Café","+17185225200","1 Water St, Brooklyn, NY 11201","https://www.yelp.com/biz/the-river-caf%C3%A9-brooklyn-3?adjust_creative=UXC-7DhMRmbl5j3r-4UbkA&utm_campaign=yelp_api_v3&utm_medium=api_v3_business_search&utm_source=UXC-7DhMRmbl5j3r-4UbkA"
"Formosa","+13473652539","144 Evergreen Ave, Brooklyn, NY 11206","https://www.yelp.com/biz/formosa-brooklyn?adjust_creative=UXC-7DhMRmbl5j3r-4UbkA&utm_campaign=yelp_api_v3&utm_medium=api_v3_business_search&utm_source=UXC-7DhMRmbl5j3r-4UbkA"
"UnTable","+13475294974","529 Henry St, Brooklyn, NY 11231","https://www.yelp.com/biz/untable-brooklyn?adjust_creative=UXC-7DhMRmbl5j3r-4UbkA&utm_campaign=yelp_api_v3&utm_medium=api_v3_business_search&utm_source=UXC-7DhMRmbl5j3r-4UbkA"
"The River Café","+17185225200","1 Water St, Brooklyn, NY 11201","https://www.yelp.com/biz/the-river-caf%C3%A9-brooklyn-3?adjust_creative=UXC-7DhMRmbl5j3r-4UbkA&utm_campaign=yelp_api_v3&utm_medium=api_v3_business_search&utm_source=UXC-7DhMRmbl5j3r-4UbkA"
"Formosa","+13473652539","144 Evergreen Ave, Brooklyn, NY 11206","https://www.yelp.com/biz/formosa-brooklyn?adjust_creative=UXC-7DhMRmbl5j3r-4UbkA&utm_campaign=yelp_api_v3&utm_medium=api_v3_business_search&utm_source=UXC-7DhMRmbl5j3r-4UbkA"
"Tavola","+12122731181","488 9th Ave, New York, NY 10018","https://www.yelp.com/biz/tavola-new-york?adjust_creative=UXC-7DhMRmbl5j3r-4UbkA&utm_campaign=yelp_api_v3&utm_medium=api_v3_business_search&utm_source=UXC-7DhMRmbl5j3r-4UbkA"
"Dolly Varden","+12125417080","302 W 51st St, New York, NY 10019","https://www.yelp.com/biz/dolly-varden-new-york-2?adjust_creative=UXC-7DhMRmbl5j3r-4UbkA&utm_campaign=yelp_api_v3&utm_medium=api_v3_business_search&utm_source=UXC-7DhMRmbl5j3r-4UbkA"
"Gertrude's","+17182690043","605 Carlton Ave, Brooklyn, NY 11238","https://www.yelp.com/biz/gertrudes-brooklyn?adjust_creative=UXC-7DhMRmbl5j3r-4UbkA&utm_campaign=yelp_api_v3&utm_medium=api_v3_business_search&utm_source=UXC-7DhMRmbl5j3r-4UbkA"
"Hanoi House","+12129955010","119 Saint Marks Pl, New York, NY 10009","https://www.yelp.com/biz/hanoi-house-new-york?adjust_creative=UXC-7DhMRmbl5j3r-4UbkA&utm_campaign=yelp_api_v3&utm_medium=api_v3_business_search&utm_source=UXC-7DhMRmbl5j3r-4UbkA"
"The Archer","+12013091090","176 Newark Ave, Jersey City, NJ 07302","https://www.yelp.com/biz/the-archer-jersey-city-2?adjust_creative=UXC-7DhMRmbl5j3r-4UbkA&utm_campaign=yelp_api_v3&utm_medium=api_v3_business_search&utm_source=UXC-7DhMRmbl5j3r-4UbkA"
"Panela","+12012382594","36-42 Newark St, Hoboken, NJ 07030","https://www.yelp.com/biz/panela-hoboken?adjust_creative=UXC-7DhMRmbl5j3r-4UbkA&utm_campaign=yelp_api_v3&utm_medium=api_v3_business_search&utm_source=UXC-7DhMRmbl5j3r-4UbkA"
"Tangy Noodle","+19172614931","98 8th Ave, New York, NY 10011","https://www.yelp.com/biz/tangy-noodle-new-york-3?adjust_creative=UXC-7DhMRmbl5j3r-4UbkA&utm_campaign=yelp_api_v3&utm_medium=api_v3_business_search&utm_source=UXC-7DhMRmbl5j3r-4UbkA"
"Meraki Greek Bistro","+17185763536","252 Grand Str, Brooklyn, NY 11211","https://www.yelp.com/biz/meraki-greek-bistro-brooklyn-2?adjust_creative=UXC-7DhMRmbl5j3r-4UbkA&utm_campaign=yelp_api_v3&utm_medium=api_v3_business_search&utm_source=UXC-7DhMRmbl5j3r-4UbkA"
"Little Owl","+12127414695","90 Bedford St, New York, NY 10014","https://www.yelp.com/biz/little-owl-new-york-3?adjust_creative=UXC-7DhMRmbl5j3r-4UbkA&utm_campaign=yelp_api_v3&utm_medium=api_v3_business_search&utm_source=UXC-7DhMRmbl5j3r-4UbkA"
"KRU","Not available","190 N 14th St, Brooklyn, NY 11249","https://www.yelp.com/biz/kru-brooklyn-2?adjust_creative=UXC-7DhMRmbl5j3r-4UbkA&utm_campaign=yelp_api_v3&utm_medium=api_v3_business_search&utm_source=UXC-7DhMRmbl5j3r-4UbkA"
"ICHIRAN Midtown","+12124650701","132 W 31st St, New York, NY 10001","https://www.yelp.com/biz/ichiran-midtown-new-york?adjust_creative=UXC-7DhMRmbl5j3r-4UbkA&utm_campaign=yelp_api_v3&utm_medium=api_v3_business_search&utm_source=UXC-7DhMRmbl5j3r-4UbkA"
"Tipsy Shanghai","+12124666488","594 3rd Ave, New York, NY 10016","https://www.yelp.com/biz/tipsy-shanghai-new-york-5?adjust_creative=UXC-7DhMRmbl5j3r-4UbkA&utm_campaign=yelp_api_v3&utm_medium=api_v3_business_search&utm_source=UXC-7DhMRmbl5j3r-4UbkA"
"Stella's","+13479874164","321 9th St, Brooklyn, NY 11215","https://www.yelp.com/biz/stellas-brooklyn-2?adjust_creative=UXC-7DhMRmbl5j3r-4UbkA&utm_campaign=yelp_api_v3&utm_medium=api_v3_business_search&utm_source=UXC-7DhMRmbl5j3r-4UbkA"
"Fiaschetteria Pistoia","+12127773355","647 E 11th St, New York, NY 10009","https://www.yelp.com/biz/fiaschetteria-pistoia-new-york?adjust_creative=UXC-7DhMRmbl5j3r-4UbkA&utm_campaign=yelp_api_v3&utm_medium=api_v3_business_search&utm_source=UXC-7DhMRmbl5j3r-4UbkA"
"The Red Stache","+12129334404","401 W 52nd St, New York, NY 10019","https://www.yelp.com/biz/the-red-stache-new-york?adjust_creative=UXC-7DhMRmbl5j3r-4UbkA&utm_campaign=yelp_api_v3&utm_medium=api_v3_business_search&utm_source=UXC-7DhMRmbl5j3r-4UbkA"
"Balthazar","+12129651414","80 Spring St, New York, NY 10012","https://www.yelp.com/biz/balthazar-new-york-2?adjust_creative=UXC-7DhMRmbl5j3r-4UbkA&utm_campaign=yelp_api_v3&utm_medium=api_v3_business_search&utm_source=UXC-7DhMRmbl5j3r-4UbkA"
"Chez Ma Tante","+17183893606","90 Calyer St, Brooklyn, NY 11222","https://www.yelp.com/biz/chez-ma-tante-brooklyn?adjust_creative=UXC-7DhMRmbl5j3r-4UbkA&utm_campaign=yelp_api_v3&utm_medium=api_v3_business_search&utm_source=UXC-7DhMRmbl5j3r-4UbkA"
"ONGI","+16466091738","630 3rd Ave, New York, NY 10017","https://www.yelp.com/biz/ongi-new-york?adjust_creative=UXC-7DhMRmbl5j3r-4UbkA&utm_campaign=yelp_api_v3&utm_medium=api_v3_business_search&utm_source=UXC-7DhMRmbl5j3r-4UbkA"
"Mareluna","+12125107774","137 Sullivan St, New York, NY 10012","https://www.yelp.com/biz/mareluna-new-york?adjust_creative=UXC-7DhMRmbl5j3r-4UbkA&utm_campaign=yelp_api_v3&utm_medium=api_v3_business_search&utm_source=UXC-7DhMRmbl5j3r-4UbkA"
"Leyla","+13473347939","108 W 74th Street108 St, New York, NY 10023","https://www.yelp.com/biz/leyla-new-york-4?adjust_creative=UXC-7DhMRmbl5j3r-4UbkA&utm_campaign=yelp_api_v3&utm_medium=api_v3_business_search&utm_source=UXC-7DhMRmbl5j3r-4UbkA"
"The Dawson NYC ","+16463704663","23 W 45th St, New York, NY 10036","https://www.yelp.com/biz/the-dawson-nyc-new-york?adjust_creative=UXC-7DhMRmbl5j3r-4UbkA&utm_campaign=yelp_api_v3&utm_medium=api_v3_business_search&utm_source=UXC-7DhMRmbl5j3r-4UbkA"
"Pio Pio 8","+12124592929","604 10th Ave, New York, NY 10036","https://www.yelp.com/biz/pio-pio-8-new-york-5?adjust_creative=UXC-7DhMRmbl5j3r-4UbkA&utm_campaign=yelp_api_v3&utm_medium=api_v3_business_search&utm_source=UXC-7DhMRmbl5j3r-4UbkA"
"Pretty Ricky’s","+16464293957","101 Rivington St, New York, NY 10002","https://www.yelp.com/biz/pretty-ricky-s-new-york?adjust_creative=UXC-7DhMRmbl5j3r-4UbkA&utm_campaign=yelp_api_v3&utm_medium=api_v3_business_search&utm_source=UXC-7DhMRmbl5j3r-4UbkA"
"Luke's Lobster Brooklyn Bridge Park","+19178827516","11 Water St, Brooklyn, NY 11201","https://www.yelp.com/biz/lukes-lobster-brooklyn-bridge-park-brooklyn-2?adjust_creative=UXC-7DhMRmbl5j3r-4UbkA&utm_campaign=yelp_api_v3&utm_medium=api_v3_business_search&utm_source=UXC-7DhMRmbl5j3r-4UbkA"
"The Elgin","+12122212100","64 West 48th St, New York, NY 10036","https://www.yelp.com/biz/the-elgin-new-york?adjust_creative=UXC-7DhMRmbl5j3r-4UbkA&utm_campaign=yelp_api_v3&utm_medium=api_v3_business_search&utm_source=UXC-7DhMRmbl5j3r-4UbkA"
"Aromi","+13475295752","552 Court St, Brooklyn, NY 11231","https://www.yelp.com/biz/aromi-brooklyn-2?adjust_creative=UXC-7DhMRmbl5j3r-4UbkA&utm_campaign=yelp_api_v3&utm_medium=api_v3_business_search&utm_source=UXC-7DhMRmbl5j3r-4UbkA"
"Abigail's","+19172617333","2672 Broadway, New York, NY 10025","https://www.yelp.com/biz/abigails-new-york?adjust_creative=UXC-7DhMRmbl5j3r-4UbkA&utm_campaign=yelp_api_v3&utm_medium=api_v3_business_search&utm_source=UXC-7DhMRmbl5j3r-4UbkA"
"Gitano Island","+13322870347","125 Carder Rd, New York, NY 10004","https://www.yelp.com/biz/gitano-island-new-york?adjust_creative=UXC-7DhMRmbl5j3r-4UbkA&utm_campaign=yelp_api_v3&utm_medium=api_v3_business_search&utm_source=UXC-7DhMRmbl5j3r-4UbkA"
"Lin & Daughters","+19176450229","181 West 4th St, New York, NY 10014","https://www.yelp.com/biz/lin-and-daughters-new-york?adjust_creative=UXC-7DhMRmbl5j3r-4UbkA&utm_campaign=yelp_api_v3&utm_medium=api_v3_business_search&utm_source=UXC-7DhMRmbl5j3r-4UbkA"
"Watermark","+12127428200","Pier 15 78 S St, New York, NY 10038","https://www.yelp.com/biz/watermark-new-york?adjust_creative=UXC-7DhMRmbl5j3r-4UbkA&utm_campaign=yelp_api_v3&utm_medium=api_v3_business_search&utm_source=UXC-7DhMRmbl5j3r-4UbkA"
"Steam - Shanghai Asian Fusion","+19172620565","470 6th Ave, New York, NY 10011","https://www.yelp.com/biz/steam-shanghai-asian-fusion-new-york-3?adjust_creative=UXC-7DhMRmbl5j3r-4UbkA&utm_campaign=yelp_api_v3&utm_medium=api_v3_business_search&utm_source=UXC-7DhMRmbl5j3r-4UbkA"
"Kogane Ramen-Brooklyn Heights","+17188752828","76 Henry St, Brooklyn, NY 11201","https://www.yelp.com/biz/kogane-ramen-brooklyn-heights-brooklyn?adjust_creative=UXC-7DhMRmbl5j3r-4UbkA&utm_campaign=yelp_api_v3&utm_medium=api_v3_business_search&utm_source=UXC-7DhMRmbl5j3r-4UbkA"
"Sappe","+12124666361","240 W 14th St, New York, NY 10011","https://www.yelp.com/biz/sappe-new-york-2?adjust_creative=UXC-7DhMRmbl5j3r-4UbkA&utm_campaign=yelp_api_v3&utm_medium=api_v3_business_search&utm_source=UXC-7DhMRmbl5j3r-4UbkA"
"Saint Julivert","+13479873710","264 Clinton St, Brooklyn, NY 11201","https://www.yelp.com/biz/saint-julivert-brooklyn?adjust_creative=UXC-7DhMRmbl5j3r-4UbkA&utm_campaign=yelp_api_v3&utm_medium=api_v3_business_search&utm_source=UXC-7DhMRmbl5j3r-4UbkA"
"Zaab Zaab","+17185763743","208 Grand St, Brooklyn, NY 11211","https://www.yelp.com/biz/zaab-zaab-brooklyn?adjust_creative=UXC-7DhMRmbl5j3r-4UbkA&utm_campaign=yelp_api_v3&utm_medium=api_v3_business_search&utm_source=UXC-7DhMRmbl5j3r-4UbkA"
"Bea","+12126021910","403 W 43rd St, New York, NY 10036","https://www.yelp.com/biz/bea-new-york?adjust_creative=UXC-7DhMRmbl5j3r-4UbkA&utm_campaign=yelp_api_v3&utm_medium=api_v3_business_search&utm_source=UXC-7DhMRmbl5j3r-4UbkA"
"Zaytinya - New York","+12128049070","1185 Broadway, New York, NY 10001","https://www.yelp.com/biz/zaytinya-new-york-new-york-5?adjust_creative=UXC-7DhMRmbl5j3r-4UbkA&utm_campaign=yelp_api_v3&utm_medium=api_v3_business_search&utm_source=UXC-7DhMRmbl5j3r-4UbkA"
"Al Badawi","Not available","1725 2nd Ave, New York, NY 10128","https://www.yelp.com/biz/al-badawi-new-york?adjust_creative=UXC-7DhMRmbl5j3r-4UbkA&utm_campaign=yelp_api_v3&utm_medium=api_v3_business_search&utm_source=UXC-7DhMRmbl5j3r-4UbkA"
"Hoek Pizza","+17188558111","117 Ferris St, Brooklyn, NY 11231","https://www.yelp.com/biz/hoek-pizza-brooklyn-2?adjust_creative=UXC-7DhMRmbl5j3r-4UbkA&utm_campaign=yelp_api_v3&utm_medium=api_v3_business_search&utm_source=UXC-7DhMRmbl5j3r-4UbkA"
"Habibi Rooftop the Restaurant","Not available","154 Scott Ave, Brooklyn, NY 11237","https://www.yelp.com/biz/habibi-rooftop-the-restaurant-brooklyn?adjust_creative=UXC-7DhMRmbl5j3r-4UbkA&utm_campaign=yelp_api_v3&utm_medium=api_v3_business_search&utm_source=UXC-7DhMRmbl5j3r-4UbkA"
"Yakiniku Futago Soho","+19179652212","341 W Broadway, New York, NY 10013","https://www.yelp.com/biz/yakiniku-futago-soho-new-york-3?adjust_creative=UXC-7DhMRmbl5j3r-4UbkA&utm_campaign=yelp_api_v3&utm_medium=api_v3_business_search&utm_source=UXC-7DhMRmbl5j3r-4UbkA"
"Salt + Charcoal","+17187822087","171 Grand St, Brooklyn, NY 11249","https://www.yelp.com/biz/salt-charcoal-brooklyn?adjust_creative=UXC-7DhMRmbl5j3r-4UbkA&utm_campaign=yelp_api_v3&utm_medium=api_v3_business_search&utm_source=UXC-7DhMRmbl5j3r-4UbkA"
"LENOXTHAI","+12124666189","1217 1st Ave, New York, NY 10065","https://www.yelp.com/biz/lenoxthai-new-york?adjust_creative=UXC-7DhMRmbl5j3r-4UbkA&utm_campaign=yelp_api_v3&utm_medium=api_v3_business_search&utm_source=UXC-7DhMRmbl5j3r-4UbkA"
"Momofuku Noodle Bar - Uptown","Not available","10 Columbus Cir, Third Floor, New York, NY 10019","https://www.yelp.com/biz/momofuku-noodle-bar-uptown-new-york?adjust_creative=UXC-7DhMRmbl5j3r-4UbkA&utm_campaign=yelp_api_v3&utm_medium=api_v3_business_search&utm_source=UXC-7DhMRmbl5j3r-4UbkA"
"POST","+19172612613","217 E 3rd St, New York, NY 10009","https://www.yelp.com/biz/post-new-york-2?adjust_creative=UXC-7DhMRmbl5j3r-4UbkA&utm_campaign=yelp_api_v3&utm_medium=api_v3_business_search&utm_source=UXC-7DhMRmbl5j3r-4UbkA"
"Maxi’s Noodle","+12122998209","68 Mott St, New York, NY 10013","https://www.yelp.com/biz/maxi-s-noodle-new-york-4?adjust_creative=UXC-7DhMRmbl5j3r-4UbkA&utm_campaign=yelp_api_v3&utm_medium=api_v3_business_search&utm_source=UXC-7DhMRmbl5j3r-4UbkA"
"La Casa","+12016837970","54 Newark St, Hoboken, NJ 07030","https://www.yelp.com/biz/la-casa-hoboken?adjust_creative=UXC-7DhMRmbl5j3r-4UbkA&utm_campaign=yelp_api_v3&utm_medium=api_v3_business_search&utm_source=UXC-7DhMRmbl5j3r-4UbkA"
